<application>
  <component name="dataSourceStorage" format="xml" multifile-model="true">
    <data-source source="LOCAL" name="DB.rt2" uuid="fed49ffa-3856-4e9e-96a4-3f2dd3393af1">
      <driver-ref>mariadb</driver-ref>
      <synchronize>true</synchronize>
      <jdbc-driver>org.mariadb.jdbc.Driver</jdbc-driver>
      <jdbc-url>jdbc:mariadb://localhost:13306/rt_sandbox2</jdbc-url>
      <driver-properties>
        <property name="autoReconnect" value="true" />
        <property name="zeroDateTimeBehavior" value="convertToNull" />
        <property name="tinyInt1isBit" value="false" />
        <property name="characterEncoding" value="utf8" />
        <property name="characterSetResults" value="utf8" />
        <property name="yearIsDateType" value="false" />
      </driver-properties>
    </data-source>
    <data-source source="LOCAL" name="DB.rtMulti" uuid="cdf1e7a1-205d-4074-a8f0-cc9bca8f2529">
      <driver-ref>mariadb</driver-ref>
      <synchronize>true</synchronize>
      <jdbc-driver>org.mariadb.jdbc.Driver</jdbc-driver>
      <jdbc-url>jdbc:mariadb://localhost:13306/rt_multi</jdbc-url>
      <driver-properties>
        <property name="autoReconnect" value="true" />
        <property name="zeroDateTimeBehavior" value="convertToNull" />
        <property name="tinyInt1isBit" value="false" />
        <property name="characterEncoding" value="utf8" />
        <property name="characterSetResults" value="utf8" />
        <property name="yearIsDateType" value="false" />
      </driver-properties>
    </data-source>
    <data-source source="LOCAL" name="DB.rt" uuid="c2244e36-cdd0-4ac3-a2ec-7cfd73cb547c">
      <driver-ref>mariadb</driver-ref>
      <synchronize>true</synchronize>
      <jdbc-driver>org.mariadb.jdbc.Driver</jdbc-driver>
      <jdbc-url>jdbc:mariadb://localhost:13306/rt_sandbox</jdbc-url>
      <driver-properties>
        <property name="autoReconnect" value="true" />
        <property name="zeroDateTimeBehavior" value="convertToNull" />
        <property name="tinyInt1isBit" value="false" />
        <property name="characterEncoding" value="utf8" />
        <property name="characterSetResults" value="utf8" />
        <property name="yearIsDateType" value="false" />
      </driver-properties>
    </data-source>
  </component>
</application>