<application>
  <component name="IntentionManagerSettings">
    <ignoreAction name="Language Injection/Edit Injected Fragment" />
    <ignoreAction name="PHP/Inject language using PHPDoc" />
    <ignoreAction name="PHP/Convert string literal to HEREDOC/NOWDOC" />
    <ignoreAction name="PHP/Convert string interpolation to concatenation" />
    <ignoreAction name="PHP/Convert string interpolation to sprintf call" />
    <ignoreAction name="PHP/Replace quotes" />
    <ignoreAction name="PHP/Split string in two strings and concatenation" />
    <ignoreAction name="PHP/Replace if clause with ternary expression" />
    <ignoreAction name="SQL/Quote identifier" />
    <ignoreAction name="SQL/Unqualify identifier" />
  </component>
</application>